ordering_provider_id,total_members,high_risk_count,avg_prob_non_adherent,high_risk_rate
PR00015,16,0,0.5080013833102132,0.0
PR00220,14,0,0.48866362739483693,0.0
PR00027,13,0,0.4189844146946565,0.0
PR00285,10,0,0.5032833479184471,0.0
PR00023,10,0,0.5065872852437836,0.0
PR00149,10,0,0.38333231658662426,0.0
PR00133,10,0,0.47995701964490267,0.0
PR00066,10,0,0.5072945701841726,0.0
PR00017,9,0,0.505425189493808,0.0
PR00043,9,0,0.39672592544030155,0.0
