pharmacy_id,total_members,high_risk_count,avg_prob_non_adherent,high_risk_rate
PH0014,34,0,0.5305965909060656,0.0
PH0016,25,0,0.47947957125950036,0.0
PH0015,24,0,0.43022509155255034,0.0
PH0003,22,0,0.5562383238895721,0.0
PH0041,21,0,0.49757129858752336,0.0
PH0032,20,0,0.43776847664721236,0.0
PH0019,20,0,0.5241170508439454,0.0
PH0028,20,0,0.4716617125678765,0.0
PH0001,19,0,0.5225996524446006,0.0
PH0007,19,0,0.45625994168641976,0.0
