drug_class,member_count,avg_prob_non_adherent
RESPIRATORY,187,0.5033736958637507
DIABETES,185,0.4891148108055729
CNS_AGENTS,198,0.47620752689426404
GI_AGENTS,243,0.4718163849079528
CARDIOVASCULAR,231,0.46894053001083924
